method_name,data_type,matrixSize,tile_size,repetitions,status,exec_time_min(ms),exec_time_max(ms),exec_time_mean(ms),exec_time_median(ms),gflops_mean,gflops_median
rocBLAS,d,128,0,11,1,0.036690,0.039850,0.037819,0.037300,110.471748,112.008579,
rocBLAS,d,256,0,11,1,0.041319,0.043270,0.042312,0.042355,791.477008,790.671609,
rocBLAS,d,512,0,11,1,0.070110,0.081880,0.072531,0.071105,3697.361294,3771.511314,
rocBLAS,d,1024,0,11,1,0.144810,0.156190,0.149409,0.146654,14366.179471,14635.998704,
rocBLAS,d,2048,0,11,1,0.733229,0.739330,0.736545,0.737305,23319.262964,23295.225894,
rocBLAS,d,4096,0,11,1,4.868487,4.930348,4.912599,4.919453,27973.417299,27934.442357,
rocBLAS,d,8192,0,11,1,42.860490,48.424907,45.115403,44.977394,24369.604245,24444.380190,
rocBLAS,d,16384,0,11,1,888.937556,928.131528,912.266221,913.233324,9641.729996,9631.519520,
