method_name,data_type,matrixSize,tile_size,repetitions,status,exec_time_min(ms),exec_time_max(ms),exec_time_mean(ms),exec_time_median(ms),gflops_mean,gflops_median
rocBLAS,d,128,0,11,1,0.047550,0.079650,0.053185,0.048295,78.554480,86.508334,
rocBLAS,d,256,0,11,1,0.065930,0.067870,0.066777,0.066635,501.503452,502.572162,
rocBLAS,d,512,0,11,1,0.172260,0.175490,0.173687,0.173595,1544.004251,1544.821637,
rocBLAS,d,1024,0,11,1,0.586609,0.629909,0.611783,0.615035,3508.488006,3489.939714,
rocBLAS,d,2048,0,11,1,3.476958,3.678178,3.590298,3.598888,4783.913047,4772.495634,
rocBLAS,d,4096,0,11,1,27.473239,27.700508,27.618702,27.619284,4975.692838,4975.587935,
rocBLAS,d,8192,0,11,1,220.711221,221.972339,221.540035,221.657195,4962.735155,4960.112039,
rocBLAS,d,16384,0,11,1,1773.144427,1779.975611,1776.711231,1777.124364,4950.621369,4949.470486,
