method_name,data_type,matrixSize,tile_size,repetitions,status,exec_time_min(ms),exec_time_max(ms),exec_time_mean(ms),exec_time_median(ms),gflops_mean,gflops_median
CUDA,d,128,0,11,1,0.015590,0.016060,0.015797,0.015765,264.481114,265.012369,
CUDA,d,256,0,11,1,0.026660,0.032700,0.027828,0.026880,1203.410050,1245.866667,
CUDA,d,512,0,11,1,0.094660,0.095770,0.095113,0.095009,2819.518279,2822.594709,
CUDA,d,1024,0,11,1,0.618729,0.619489,0.619087,0.619124,3467.095766,3466.890432,
CUDA,d,2048,0,11,1,4.740403,4.745323,4.742863,4.742938,3621.373016,3621.315879,
CUDA,d,4096,0,11,1,30.278322,30.285412,30.281460,30.280737,4538.162121,4538.270527,
CUDA,d,8192,0,11,1,240.959268,242.288746,241.671052,241.767612,4549.343039,4547.526062,
