method_name,data_type,matrixSize,tile_size,repetitions,status,exec_time_min(ms),exec_time_max(ms),exec_time_mean(ms),exec_time_median(ms),gflops_mean,gflops_median
rocBLAS,d,128,0,11,1,0.036160,0.038500,0.037340,0.037340,111.888591,111.888591,
rocBLAS,d,256,0,11,1,0.040610,0.049210,0.042586,0.041825,786.384601,800.700451,
rocBLAS,d,512,0,11,1,0.069560,0.072240,0.070751,0.070775,3790.381931,3789.096602,
rocBLAS,d,1024,0,11,1,0.143830,0.155170,0.147779,0.145340,14524.628479,14768.371212,
rocBLAS,d,2048,0,11,1,0.733209,0.767650,0.744461,0.741540,23071.295198,23162.169108,
rocBLAS,d,4096,0,11,1,4.862479,4.921239,4.898787,4.905199,28052.284175,28015.619807,
rocBLAS,d,8192,0,11,1,42.026915,47.412414,44.703848,45.418374,24593.957243,24207.042436,
rocBLAS,d,16384,0,11,1,897.237074,929.396384,910.207403,910.907210,9663.538834,9656.114794,
rocBLAS,d,32768,0,11,1,7438.105111,7584.876715,7498.774591,7502.008643,9383.889272,9379.843957,
