method_name,data_type,matrixSize,tile_size,repetitions,status,exec_time_min(ms),exec_time_max(ms),exec_time_mean(ms),exec_time_median(ms),gflops_mean,gflops_median
rocBLAS,d,128,0,11,1,0.036390,0.046020,0.038258,0.037340,109.203827,111.888591,
rocBLAS,d,256,0,11,1,0.040970,0.051850,0.043009,0.042275,778.648562,792.167853,
rocBLAS,d,512,0,11,1,0.070220,0.072910,0.071574,0.071230,3746.797888,3764.892770,
rocBLAS,d,1024,0,11,1,0.143830,0.156380,0.147977,0.145020,14505.193861,14800.958985,
rocBLAS,d,2048,0,11,1,0.732300,0.737210,0.735227,0.735655,23361.056588,23347.458904,
rocBLAS,d,4096,0,11,1,4.865638,4.920557,4.901620,4.903092,28036.075312,28027.653212,
rocBLAS,d,8192,0,11,1,41.900700,46.061877,44.337128,44.912203,24797.377752,24479.861718,
rocBLAS,d,16384,0,11,1,896.051843,927.526227,912.637618,912.128499,9637.806307,9643.185792,
