method_name,data_type,matrixSize,tile_size,repetitions,status,exec_time_min(ms),exec_time_max(ms),exec_time_mean(ms),exec_time_median(ms),gflops_mean,gflops_median
blocked_shmem,d,128,0,11,1,0.019993,0.020462,0.020183,0.020156,206.996804,207.279222,
blocked_shmem,d,256,0,11,1,0.031171,0.032192,0.031698,0.031728,1056.493152,1055.483115,
blocked_shmem,d,512,0,11,1,0.111213,0.117783,0.113284,0.112881,2367.272528,2375.717012,
blocked_shmem,d,1024,0,11,1,0.726397,0.739368,0.731175,0.729018,2935.598250,2944.284701,
blocked_shmem,d,2048,0,11,1,5.979883,6.742032,6.331817,6.322406,2712.598118,2716.635863,
blocked_shmem,d,4096,0,11,1,68.264429,72.047211,69.959220,69.953978,1964.318302,1964.465498,
blocked_shmem,d,8192,0,11,1,589.804762,595.322720,593.397603,594.207838,1852.795688,1850.269299,
